0.000000000000000000e+00,0.000000000000000000e+00,0.000000000000000000e+00,0.000000000000000000e+00,0.000000000000000000e+00,0.000000000000000000e+00,0.000000000000000000e+00,0.000000000000000000e+00,0.000000000000000000e+00,0.000000000000000000e+00,0.000000000000000000e+00,0.000000000000000000e+00
-7.671781931626320272e-04,3.835887965812023737e-03,5.370243352136760961e-03,-7.677401401759542665e-03,-1.279566900293271914e-02,-7.677401401759542665e-03,-0.000000000000000000e+00,0.000000000000000000e+00,0.000000000000000000e+00,0.000000000000000000e+00,0.000000000000000000e+00,-0.000000000000000000e+00
-2.620297907234970039e-03,5.309798025050115750e-03,7.916620155942586182e-03,-7.663246192925048626e-03,-1.246510406457781127e-02,-8.101556655654486641e-03,-1.469932247772634260e-01,1.169135436819368212e-01,2.019837871493433967e-01,1.122819955007340947e-03,2.622108324577908031e-02,-3.364485742759894260e-02
-8.054021814599621881e-03,9.631602097053337114e-03,1.538311485184780045e-02,-7.621740241596785224e-03,-1.149582043177443946e-02,-9.345266128939660674e-03,-2.864483354633851619e-01,2.278315210212102093e-01,3.936094313679512346e-01,2.188059399501484856e-03,5.109749555587717734e-02,-6.556433755121846008e-02
-1.687989706297804773e-02,1.665141102325510061e-02,2.751077386658401860e-02,-7.554323060537584435e-03,-9.921434877914627956e-03,-1.136539538901558052e-02,-4.183653320583651247e-01,3.327539320178202198e-01,5.748769326558235138e-01,3.195718333482431943e-03,7.462923693029430150e-02,-9.575844037085853855e-02
-2.890947080009169737e-02,2.621933564508881903e-02,4.404064362688284856e-02,-7.462434162510273895e-03,-7.775564176390399249e-03,-1.411881000328275848e-02,-5.427442145622033420e-01,4.316807766717667416e-01,7.457862910129601230e-01,4.145796756950181558e-03,9.681630736903044931e-02,-1.242271658865191780e-01
-4.395429017366202923e-02,3.818548680398790168e-02,6.471377055947588608e-02,-7.347513060277684714e-03,-5.091825100593781045e-03,-1.756237553914170857e-02,-6.595849829748998694e-01,5.246120549830497470e-01,9.063375064393612845e-01,5.038294669904733701e-03,1.176587068720856000e-01,-1.509705140982003924e-01
-6.182590233141051911e-02,5.239997534138578911e-02,8.927120109109479285e-02,-7.210999266602647131e-03,-1.903834423916792376e-03,-2.165295756399295002e-02,-7.688876372964549288e-01,6.115477669516695691e-01,1.056530578935026998e+00,5.873212072346090974e-03,1.371564354394597951e-01,-1.759884850059021955e-01
-8.233585442105860464e-02,6.871291209871585592e-02,1.174539816484711230e-01,-7.054332294247990520e-03,1.754791080248535584e-03,-2.634742164523699165e-02,-8.706521775268678542e-01,6.924879125776256528e-01,1.196365508499956709e+00,6.650548964274249041e-03,1.553094930711529931e-01,-1.992810786096244902e-01
-1.052956935903277408e-01,8.697440791741155308e-02,1.490031586583365208e-01,-6.878951655976545121e-03,5.850434638510183805e-03,-3.160263335027434922e-02,-9.648786036661395338e-01,7.674324918609186641e-01,1.325842295134151527e+00,7.370305345689212237e-03,1.721178797671652494e-01,-2.208482949093674430e-01
-1.305169669869393756e-01,1.070345736389062552e-01,1.836597785474225475e-01,-6.686296864551140307e-03,1.034947947747611938e-02,-3.737545824650553156e-02,-1.051566915714269079e+00,8.363815048015480480e-01,1.444960938837610342e+00,8.032481216590977094e-03,1.875815955274964808e-01,-2.406901339051309152e-01
-1.578112217586150057e-01,1.287435201046334132e-01,2.211648877424608750e-01,-6.477807432734605450e-03,1.521830882375432847e-02,-4.362276190133106135e-02,-1.130717113671257046e+00,8.993349513995139155e-01,1.553721439610333599e+00,8.637076576979544479e-03,2.017006403521467428e-01,-2.588065955969149345e-01
-1.869900050530760860e-01,1.519513581560264504e-01,2.612595326701831477e-01,-6.254922873289772527e-03,2.042330590395279033e-02,-5.030140988215146131e-02,-1.202329197537103322e+00,9.562928316548164887e-01,1.652123797452321519e+00,9.184091426854916126e-03,2.144750142411160354e-01,-2.751976799847195565e-01
-2.178648640180440299e-01,1.765081986345187481e-01,3.036847597573208990e-01,-6.019082698979470042e-03,2.593085394467946336e-02,-5.736826775636721942e-02,-1.266403167311808131e+00,1.007255145567455878e+00,1.740168012363573879e+00,9.673525766217090302e-03,2.259047171944043864e-01,-2.898633870685447533e-01
-2.502473458012403063e-01,2.022641523815436881e-01,3.481816154306056621e-01,-5.771726422566528236e-03,3.170733617254233028e-02,-6.478020109137885840e-02,-1.322939022995370806e+00,1.052221893137431419e+00,1.817854084344090460e+00,1.010537959506606701e-02,2.359897492120117124e-01,-3.028037168483905250e-01
-2.839489975503863839e-01,2.290693302385347907e-01,3.944911461167692757e-01,-5.514293556813776483e-03,3.771913581414937378e-02,-7.249407545458691482e-02,-1.371936764587791791e+00,1.091193074364743554e+00,1.885182013393871481e+00,1.047965291340184624e-02,2.447301102939380413e-01,-3.140186693242567606e-01
-3.187813664132036484e-01,2.567738430469252986e-01,4.423543982425430787e-01,-5.248223614484045889e-03,4.393263609610854881e-02,-8.046675641339186280e-02,-1.413396392089071307e+00,1.124168689249392505e+00,1.942151799512916943e+00,1.079634572122442973e-02,2.521258004401834008e-01,-3.235082444961436821e-01
-3.545559995374137907e-01,2.852278016481489264e-01,4.915124182346590209e-01,-4.974956108340164093e-03,5.031422024502787971e-02,-8.865510953519428750e-02,-1.447317905499209134e+00,1.151148737791378052e+00,1.988763442701227291e+00,1.105545801853381749e-02,2.581768196507478463e-01,-3.312724423640511784e-01
-3.910844440707380021e-01,3.142813168836387505e-01,5.417062525198483858e-01,-4.695930551144963938e-03,5.683027148751527979e-02,-9.701600038739462140e-02,-1.473701304818205049e+00,1.172133219990699970e+00,2.025016942958801636e+00,1.125698980533000604e-02,2.628831679256312670e-01,-3.373112629279791386e-01
-4.281782471608978069e-01,3.437844995948283189e-01,5.926769475248429009e-01,-4.412586455661274797e-03,6.344717305017875952e-02,-1.055062945373933941e-01,-1.492546590046059274e+00,1.187122135847358484e+00,2.050912300285640644e+00,1.140094108161299885e-02,2.662448452648337183e-01,-3.416247061879277291e-01
-4.656489559556147850e-01,3.735874606231511241e-01,6.441655496763742939e-01,-4.126363334651925174e-03,7.013130815962628772e-02,-1.140828575525911631e-01,-1.503853761182771587e+00,1.196115485361353370e+00,2.066449514681743427e+00,1.148731184738279246e-02,2.682618516683551446e-01,-3.442127721438968391e-01
-5.033081176026101833e-01,4.035403108100404368e-01,6.959131054011739037e-01,-3.838700700879745312e-03,7.684906004246583322e-02,-1.227025550003884025e-01,-1.507622818228342654e+00,1.199113268532685295e+00,2.071628586147111317e+00,1.151610210263939206e-02,2.689341871361956571e-01,-3.450754607958865794e-01
-5.409672792496056370e-01,4.334931609969297495e-01,7.476606611259735136e-01,-3.551038067107566316e-03,8.356681192530537872e-02,-1.313222524481856279e-01,-1.503853761182772031e+00,1.196115485361353814e+00,2.066449514681743871e+00,1.148731184738279593e-02,2.682618516683552001e-01,-3.442127721438969501e-01
-5.784379880443226707e-01,4.632961220252526657e-01,7.991492632775051286e-01,-3.264814946098214959e-03,9.025094703475293467e-02,-1.398988154633834524e-01,-1.492546590046059052e+00,1.187122135847358262e+00,2.050912300285640200e+00,1.140094108161299712e-02,2.662448452648336628e-01,-3.416247061879276736e-01
-6.155317911344824200e-01,4.927993047364421786e-01,8.501199582824995327e-01,-2.981470850614525818e-03,9.686784859741640052e-02,-1.483891096133822252e-01,-1.473701304818204827e+00,1.172133219990699748e+00,2.025016942958801192e+00,1.125698980533000430e-02,2.628831679256312115e-01,-3.373112629279790831e-01
-6.520602356678067979e-01,5.218528199719321137e-01,9.003137925676890641e-01,-2.702445293419323928e-03,1.033838998399038284e-01,-1.567500004655825729e-01,-1.447317905499208912e+00,1.151148737791377830e+00,1.988763442701226847e+00,1.105545801853381575e-02,2.581768196507478463e-01,-3.312724423640511229e-01
-6.878348687920167182e-01,5.503067785731555750e-01,9.494718125598047287e-01,-2.429177787275444735e-03,1.097654839888231176e-01,-1.649383535873849282e-01,-1.413396392089071307e+00,1.124168689249392505e+00,1.942151799512916943e+00,1.079634572122442973e-02,2.521258004401834008e-01,-3.235082444961436821e-01
-7.226672376548340937e-01,5.780112913815461662e-01,9.973350646855786428e-01,-2.163107844945713273e-03,1.159789842707823204e-01,-1.729110345461899179e-01,-1.371936764587792013e+00,1.091193074364743776e+00,1.885182013393871703e+00,1.047965291340184797e-02,2.447301102939380968e-01,-3.140186693242568161e-01
-7.563688894039802824e-01,6.048164692385373797e-01,1.043644595371742367e+00,-1.905674979192960652e-03,1.219907839123893778e-01,-1.806249089093980020e-01,-1.322939022995370806e+00,1.052221893137431419e+00,1.817854084344090460e+00,1.010537959506606701e-02,2.359897492120117124e-01,-3.028037168483905250e-01
-7.887513711871764199e-01,6.305724229855621532e-01,1.088141451045027130e+00,-1.658318702780020581e-03,1.277672661402522170e-01,-1.880368422444096133e-01,-1.266403167311807687e+00,1.007255145567455434e+00,1.740168012363573213e+00,9.673525766217086833e-03,2.259047171944043031e-01,-2.898633870685446978e-01
-8.196262301521443083e-01,6.551292634640544232e-01,1.130566678132164604e+00,-1.422478528469718097e-03,1.332748141809788622e-01,-1.951037001186253506e-01,-1.202329197537103322e+00,9.562928316548164887e-01,1.652123797452321519e+00,9.184091426854916126e-03,2.144750142411160354e-01,-2.751976799847195565e-01
-8.488050134466054164e-01,6.783371015154474604e-01,1.170661323059887016e+00,-1.199593969024884306e-03,1.384798112611773380e-01,-2.017823480994457297e-01,-1.130717113671257046e+00,8.993349513995139155e-01,1.553721439610333599e+00,8.637076576979544479e-03,2.017006403521467428e-01,-2.588065955969149345e-01
-8.760992682182812130e-01,7.000460479811747572e-01,1.208166432254925482e+00,-9.911045372083485822e-04,1.433486406074555852e-01,-2.080296517542713219e-01,-1.051566915714268635e+00,8.363815048015477149e-01,1.444960938837609676e+00,8.032481216590973624e-03,1.875815955274964253e-01,-2.406901339051308042e-01
-9.013205416148927229e-01,7.201062137026694732e-01,1.242823052144011564e+00,-7.984497457829446351e-04,1.478476854464215173e-01,-2.138024766505024765e-01,-9.648786036661393117e-01,7.674324918609185531e-01,1.325842295134151305e+00,7.370305345689210502e-03,1.721178797671652216e-01,-2.208482949093674153e-01
-9.242803807841619701e-01,7.383677095213652120e-01,1.274372229153877045e+00,-6.230691075114983685e-04,1.519433290046831586e-01,-2.190576883555398480e-01,-8.706521775268669661e-01,6.924879125776249866e-01,1.196365508499955599e+00,6.650548964274242102e-03,1.553094930711528265e-01,-1.992810786096242959e-01
-9.447903328738099793e-01,7.546806462786952441e-01,1.302555009711253264e+00,-4.664021351568426246e-04,1.556019545088484779e-01,-2.237521524367838965e-01,-7.688876372964544847e-01,6.115477669516692361e-01,1.056530578935026332e+00,5.873212072346087505e-03,1.371564354394597396e-01,-1.759884850059020844e-01
-9.626619450315583304e-01,7.688951348160929511e-01,1.327112440242872005e+00,-3.298883414818059093e-04,1.587899451855254440e-01,-2.278427344616350825e-01,-6.595849829748998694e-01,5.246120549830497470e-01,9.063375064393612845e-01,5.038294669904733701e-03,1.176587068720856000e-01,-1.509705140982003924e-01
-9.777067644051286033e-01,7.808612859749920476e-01,1.347785567175464827e+00,-2.149672392492167280e-04,1.614736842613220535e-01,-2.312862999974940326e-01,-5.427442145622033420e-01,4.316807766717667416e-01,7.457862910129601230e-01,4.145796756950181558e-03,9.681630736903044931e-02,-1.242271658865191780e-01
-9.897363381422425999e-01,7.904292105968260262e-01,1.364315436935764181e+00,-1.230783412219044540e-04,1.636195549628463586e-01,-2.340397146117612903e-01,-4.183653320583648472e-01,3.327539320178199977e-01,5.748769326558231807e-01,3.195718333482429774e-03,7.462923693029425987e-02,-9.575844037085848304e-02
-9.985622133906207898e-01,7.974490195230276024e-01,1.376443095950500073e+00,-5.566116016270453160e-05,1.651939405167061059e-01,-2.360598438718371495e-01,-2.864483354633843293e-01,2.278315210212095987e-01,3.936094313679501244e-01,2.188059399501478784e-03,5.109749555587703856e-02,-6.556433755121827966e-02
-1.003995937297985419e+00,8.017708235950308238e-01,1.383909590646405396e+00,-1.415520883444199712e-05,1.661632241495094864e-01,-2.373035533451223478e-01,-1.469932247772627321e-01,1.169135436819362661e-01,2.019837871493424253e-01,1.122819955007335526e-03,2.622108324577895541e-02,-3.364485742759878301e-02
-1.005849057012057735e+00,8.032447336542688499e-01,1.386455967450211046e+00,5.204170427930421283e-17,1.664937890878643856e-01,-2.377277085990172623e-01,-0.000000000000000000e+00,0.000000000000000000e+00,0.000000000000000000e+00,0.000000000000000000e+00,0.000000000000000000e+00,-0.000000000000000000e+00
-9.996325346905980958e-01,8.155098873316237729e-01,1.384755735658120379e+00,-7.677401401759542665e-03,1.356340914310849577e-01,-2.226446406510262932e-01,-0.000000000000000000e+00,0.000000000000000000e+00,-0.000000000000000000e+00,0.000000000000000000e+00,-0.000000000000000000e+00,-0.000000000000000000e+00
-1.002740795851327915e+00,8.665225004077594662e-01,1.382792743166667115e+00,-3.838700700879751817e-03,9.673185873216039177e-02,-2.301861746250217777e-01,-9.324783482189458184e-03,1.530378392284072464e-01,-5.888977474360124198e-03,1.151610210263937298e-02,-1.167066980967736978e-01,-2.262460192198645359e-02
-1.005849057012057735e+00,9.175351134838952705e-01,1.380829750675213630e+00,3.903127820947815962e-17,5.782962603323582584e-02,-2.377277085990172623e-01,-0.000000000000000000e+00,0.000000000000000000e+00,-0.000000000000000000e+00,0.000000000000000000e+00,-0.000000000000000000e+00,-0.000000000000000000e+00
-1.005769956235897489e+00,8.508000612170940613e-01,1.377083958726495361e+00,1.279566900293271914e-02,1.305158238299117812e-01,-2.328811758533722021e-01,-0.000000000000000000e+00,0.000000000000000000e+00,0.000000000000000000e+00,-0.000000000000000000e+00,-0.000000000000000000e+00,-0.000000000000000000e+00
-1.005849057012057735e+00,9.175351134838952705e-01,1.380829750675213630e+00,3.989863994746656317e-17,5.782962603323582584e-02,-2.377277085990172623e-01,-0.000000000000000000e+00,0.000000000000000000e+00,0.000000000000000000e+00,-0.000000000000000000e+00,-0.000000000000000000e+00,-0.000000000000000000e+00
-1.004235600849572752e+00,8.661436150803414336e-01,1.377083958726495361e+00,7.677401401759542665e-03,1.100427534252199635e-01,-2.379994434545453785e-01,0.000000000000000000e+00,0.000000000000000000e+00,0.000000000000000000e+00,0.000000000000000000e+00,0.000000000000000000e+00,0.000000000000000000e+00
-1.004235600849572752e+00,8.661436150803414336e-01,1.377083958726495361e+00,7.677401401759542665e-03,1.100427534252199635e-01,-2.379994434545453785e-01,0.000000000000000000e+00,0.000000000000000000e+00,0.000000000000000000e+00,0.000000000000000000e+00,0.000000000000000000e+00,0.000000000000000000e+00
-1.004235600849572752e+00,8.661436150803414336e-01,1.377083958726495361e+00,7.677401401759542665e-03,1.100427534252199635e-01,-2.379994434545453785e-01,0.000000000000000000e+00,0.000000000000000000e+00,0.000000000000000000e+00,0.000000000000000000e+00,0.000000000000000000e+00,0.000000000000000000e+00
-1.004235600849572752e+00,8.860902351025643497e-01,1.369412181794872119e+00,1.279566900293271914e-02,1.049244858240472311e-01,-2.431177110557185550e-01,-0.000000000000000000e+00,-0.000000000000000000e+00,0.000000000000000000e+00,-0.000000000000000000e+00,0.000000000000000000e+00,0.000000000000000000e+00
-1.005849057012057735e+00,8.032447336542688499e-01,1.386455967450211046e+00,5.204170427930421283e-17,1.664937890878643856e-01,-2.377277085990172623e-01,-0.000000000000000000e+00,-0.000000000000000000e+00,0.000000000000000000e+00,-0.000000000000000000e+00,0.000000000000000000e+00,0.000000000000000000e+00
-1.004235600849572752e+00,8.814871689435896940e-01,1.369412181794872119e+00,1.279566900293271914e-02,1.100427534252199635e-01,-2.431177110557185550e-01,0.000000000000000000e+00,-0.000000000000000000e+00,-0.000000000000000000e+00,-0.000000000000000000e+00,-0.000000000000000000e+00,0.000000000000000000e+00
-1.002384041460506303e+00,8.798619269758499728e-01,1.366887328084687825e+00,1.277207698820856212e-02,1.098398620985922142e-01,-2.426694627759595768e-01,1.468694566242500221e-01,-1.289174984580000183e-01,-2.002765315875000840e-01,-1.871366591678846501e-03,-1.609375268843842022e-02,3.555596524189890556e-02
-9.969548927434133123e-01,8.750963869687486962e-01,1.359483943476859302e+00,1.270290040266145934e-02,1.092449434628871147e-01,-2.413551076505645876e-01,2.862071462421282853e-01,-2.512238431489230983e-01,-3.902824718115385783e-01,-3.646765665835700974e-03,-3.136218472618769459e-02,6.928854765087992529e-02
-9.881364488734530882e-01,8.673558277664628058e-01,1.347458792755473089e+00,1.259053843422946149e-02,1.082786305343719085e-01,-2.392202302503565470e-01,4.180130688536347061e-01,-3.669190340727692679e-01,-5.700178206721155938e-01,-5.326197222470563201e-03,-4.580529611324781619e-02,1.011977472269430522e-01
-9.761170040257847180e-01,8.568055282131691319e-01,1.331068640704615724e+00,1.243739027085061580e-02,1.069615563293137978e-01,-2.363104151461584146e-01,5.422872244587693125e-01,-4.760030712295384436e-01,-7.394825781692310196e-01,-6.909661261583432967e-03,-5.942308684961878501e-02,1.312835639700882795e-01
-9.610848523755676220e-01,8.436107671530448382e-01,1.310570252108373746e+00,1.224585510046297294e-02,1.053143538639800397e-01,-2.326712469087931223e-01,6.590296130575321598e-01,-5.784759546192307367e-01,-8.986767443028848001e-01,-8.397157783174310705e-03,-7.221555693530060105e-02,1.595459978803155932e-01
-9.432282880979612205e-01,8.279368234302666441e-01,1.286220391750833691e+00,1.201833211100458362e-02,1.033576561546378503e-01,-2.283483101090836298e-01,7.682402346499233037e-01,-6.743376842418462580e-01,-1.047600319073077380e+00,-9.788686787243197282e-03,-8.418270637029329206e-02,1.859850489576250765e-01
-9.227356053681246006e-01,8.099489758890114910e-01,1.258275824416082100e+00,1.175722049041349679e-02,1.011120962175544591e-01,-2.233871893178528689e-01,8.699190892359424110e-01,-7.635882600973845635e-01,-1.186253302479807870e+00,-1.108424827379008923e-02,-9.532453515459679561e-02,2.106007172020165630e-01
-8.997950983612171827e-01,7.898125033734563205e-01,1.226993314888205511e+00,1.146491942662776140e-02,9.859830706899708197e-02,-2.178334691059237715e-01,9.640661768155900369e-01,-8.462276821858463194e-01,-1.314635694523077492e+00,-1.228384224281499348e-02,-1.056410432882111811e-01,2.333930026134902747e-01
-8.745950612523982759e-01,7.676926847277781851e-01,1.192629627951290239e+00,1.114382810758542987e-02,9.583692172523297637e-02,-2.117327340441193251e-01,1.050681497388865626e+00,-9.222559505072308594e-01,-1.432747495202885135e+00,-1.338746869431790137e-02,-1.151322307711364068e-01,2.543619051920460450e-01
-8.473237882168269675e-01,7.437547987961538043e-01,1.155441528389423267e+00,1.079634572122455116e-02,9.284857320252934421e-02,-2.051305687032624614e-01,1.129765050955769290e+00,-9.916730650615384057e-01,-1.540588704519231023e+00,-1.439512762829881637e-02,-1.237980976033724589e-01,2.735074249376838740e-01
-8.181695734296627887e-01,7.181641244227601195e-01,1.115685780986690911e+00,1.042487145548317076e-02,8.965389451715341518e-02,-1.980725576541761124e-01,1.201316837516301472e+00,-1.054479025848769291e+00,-1.638159322472115820e+00,-1.530681904475774194e-02,-1.316386437849193791e-01,2.908295618504038726e-01
-7.873207110660649377e-01,6.910859404517742943e-01,1.073619150527179711e+00,1.003180449829934456e-02,8.627351868537244672e-02,-1.906042854676832377e-01,1.265336857070461951e+00,-1.110673832868923183e+00,-1.725459349061539083e+00,-1.612254294369467808e-02,-1.386538693157771673e-01,3.063283159302059855e-01
-7.549654953011928349e-01,6.626855257273730482e-01,1.029498401794976203e+00,9.619544037611121520e-03,8.272807872345364077e-02,-1.827713367146067969e-01,1.321825109618250282e+00,-1.160257486122000081e+00,-1.802488784287500589e+00,-1.684229932510961786e-02,-1.448437741959457958e-01,3.200036871770901570e-01
-7.212922203102055674e-01,6.331281590937332115e-01,9.835802995741668164e-01,9.190489261356547118e-03,7.903820764766422702e-02,-1.746192959657696941e-01,1.370781595159666688e+00,-1.203229985607999986e+00,-1.869247628150000340e+00,-1.746608818900256474e-02,-1.502083584254252369e-01,3.318556755910564426e-01
-6.864891802682626665e-01,6.025791193950320590e-01,9.361216086488384214e-01,8.747039357473677251e-03,7.522453847427146290e-02,-1.661937477919949724e-01,1.412206313694711612e+00,-1.239591331326923118e+00,-1.925735880649039000e+00,-1.799390953537352220e-02,-1.547476220042155737e-01,3.418842811721048425e-01
-6.507446693505229973e-01,5.712036854754460879e-01,8.873790938030770015e-01,8.291593513900553936e-03,7.130770421954252258e-02,-1.575402767641054247e-01,1.446099265223384833e+00,-1.269341523278769257e+00,-1.971953541784616126e+00,-1.842576336422248676e-02,-1.584615649323167785e-01,3.500895039202354120e-01
-6.142469817321463132e-01,5.391671361791524619e-01,8.376095198209696502e-01,7.826550918575234800e-03,6.730833789974469128e-02,-1.487044674529241495e-01,1.472460449745686129e+00,-1.292480561463538402e+00,-2.007900611556731274e+00,-1.876164967554945842e-02,-1.613501872097287682e-01,3.564713438354479846e-01
-5.771844115882919235e-01,5.066347503503281224e-01,7.870696514866026838e-01,7.354310759435766197e-03,6.324707253114517091e-02,-1.397319044292740509e-01,1.491289867261615720e+00,-1.309008445881230775e+00,-2.033577089965385110e+00,-1.900156846935444066e-02,-1.634134888364516536e-01,3.610298009177427270e-01
-5.397452530941186932e-01,4.737718068331499000e-01,7.360162535840626408e-01,6.877272224420196214e-03,5.914454113001118424e-02,-1.306681722639780052e-01,1.502587517771173165e+00,-1.318925176531845933e+00,-2.048982977010577411e+00,-1.914551974563742653e-02,-1.646514698124853515e-01,3.637648751671195280e-01
-5.021178004247863758e-01,4.407435844717948470e-01,6.847060908974360594e-01,6.397834501466578144e-03,5.502137671260998175e-02,-1.215588555278590555e-01,1.506353401274359127e+00,-1.322230753415384541e+00,-2.054118272692308178e+00,-1.919350350439842298e-02,-1.650641301378299453e-01,3.646765665835784986e-01
-4.644903477554540583e-01,4.077153621104397940e-01,6.333959282108094779e-01,5.918396778512960074e-03,5.089821229520877927e-02,-1.124495387917401057e-01,1.502587517771173609e+00,-1.318925176531846377e+00,-2.048982977010577855e+00,-1.914551974563743000e-02,-1.646514698124854070e-01,3.637648751671196390e-01
-4.270511892612807170e-01,3.748524185932614605e-01,5.823425303082692128e-01,5.441358243497389224e-03,4.679568089407477871e-02,-1.033858066264440323e-01,1.491289867261615498e+00,-1.309008445881230553e+00,-2.033577089965385110e+00,-1.900156846935443719e-02,-1.634134888364516258e-01,3.610298009177426715e-01
-3.899886191174262162e-01,3.423200327644371210e-01,5.318026619739023575e-01,4.969118084357919754e-03,4.273441552547525835e-02,-9.441324360279393368e-02,1.472460449745685906e+00,-1.292480561463538180e+00,-2.007900611556730830e+00,-1.876164967554945495e-02,-1.613501872097287404e-01,3.564713438354479291e-01
-3.534909314990494211e-01,3.102834834681434950e-01,4.820330879917947842e-01,4.504075489032598884e-03,3.873504920567741316e-02,-8.557743429161260296e-02,1.446099265223384611e+00,-1.269341523278769035e+00,-1.971953541784615682e+00,-1.842576336422248676e-02,-1.584615649323167508e-01,3.500895039202353565e-01
-3.177464205813100850e-01,2.789080495485576350e-01,4.332905731460338083e-01,4.048629645459479037e-03,3.481821495094850061e-02,-7.692396326372313853e-02,1.412206313694711612e+00,-1.239591331326923118e+00,-1.925735880649039000e+00,-1.799390953537352220e-02,-1.547476220042155737e-01,3.418842811721048425e-01
-2.829433805393670731e-01,2.483590098498563714e-01,3.858318822207051912e-01,3.605179741576607436e-03,3.100454577755572261e-02,-6.849841508994836126e-02,1.370781595159666910e+00,-1.203229985608000208e+00,-1.869247628150000784e+00,-1.746608818900256821e-02,-1.502083584254252646e-01,3.318556755910564982e-01
-2.492701055483796946e-01,2.188016432162165348e-01,3.399137799998956933e-01,3.176124965322033034e-03,2.731467470176629497e-02,-6.034637434111125853e-02,1.321825109618250282e+00,-1.160257486122000081e+00,-1.802488784287500589e+00,-1.684229932510961786e-02,-1.448437741959457958e-01,3.200036871770901570e-01
-2.169148897835077028e-01,1.904012284918153997e-01,2.957930312676924078e-01,2.763864504633809990e-03,2.376923473984750290e-02,-5.251342558803484550e-02,1.265336857070461507e+00,-1.110673832868922739e+00,-1.725459349061538639e+00,-1.612254294369467114e-02,-1.386538693157771396e-01,3.063283159302058745e-01
-1.860660274199099629e-01,1.633230445208295745e-01,2.537264008081812072e-01,2.370797547449985526e-03,2.038885890806654833e-02,-4.504515340154199854e-02,1.201316837516301472e+00,-1.054479025848769291e+00,-1.638159322472115820e+00,-1.530681904475774194e-02,-1.316386437849193791e-01,2.908295618504038726e-01
-1.569118126327457841e-01,1.377323701474358897e-01,2.139706534054488518e-01,1.999323281708606861e-03,1.719418022269061930e-02,-3.798714235245564952e-02,1.129765050955769290e+00,-9.916730650615384057e-01,-1.540588704519231023e+00,-1.439512762829881637e-02,-1.237980976033724589e-01,2.735074249376838740e-01
-1.296405395971743646e-01,1.137944842158113978e-01,1.767825538435814359e-01,1.651840895347722951e-03,1.420583169998695938e-02,-3.138497701159873032e-02,1.050681497388865182e+00,-9.222559505072304153e-01,-1.432747495202884469e+00,-1.338746869431789617e-02,-1.151322307711363513e-01,2.543619051920459340e-01
-1.044405024883554578e-01,9.167466557013326245e-02,1.424188669066666080e-01,1.330749576305393159e-03,1.144444635622286766e-02,-2.528424194979431161e-02,9.640661768155898148e-01,-8.462276821858460973e-01,-1.314635694523077269e+00,-1.228384224281499001e-02,-1.056410432882111672e-01,2.333930026134902191e-01
-8.149999548144792882e-02,7.153819305457809197e-02,1.111363573787897963e-01,1.038448512519657765e-03,8.930657207665490538e-03,-1.973052173786521424e-02,8.699190892359415228e-01,-7.635882600973837864e-01,-1.186253302479806759e+00,-1.108424827379007709e-02,-9.532453515459669846e-02,2.106007172020163687e-01
-6.100731275161141998e-02,5.355034551332293891e-02,8.319179004403820521e-02,7.773368919285709305e-04,6.685097270582099349e-03,-1.476940094663445335e-02,7.682402346499228596e-01,-6.743376842418458139e-01,-1.047600319073076713e+00,-9.788686787243192078e-03,-8.418270637029323655e-02,1.859850489576249655e-01
-4.315074847400512947e-02,3.787640179054485579e-02,5.884192968649837319e-02,5.498139024701833438e-04,4.728399561239923776e-03,-1.044646414692498859e-02,6.590296130575321598e-01,-5.784759546192307367e-01,-8.986767443028848001e-01,-8.397157783174310705e-03,-7.221555693530060105e-02,1.595459978803155932e-01
-2.811859682378803349e-02,2.468164073042056206e-02,3.834354109025639445e-02,3.582787320825422256e-04,3.081197095906165750e-03,-6.807295909559696323e-03,5.422872244587693125e-01,-4.760030712295384436e-01,-7.394825781692310196e-01,-6.909661261583432967e-03,-5.942308684961878501e-02,1.312835639700882795e-01
-1.609915197611944127e-02,1.413134117712666615e-02,2.195338903939858533e-02,2.051305687036913267e-04,1.764122890848027203e-03,-3.897480805361480671e-03,4.180130688536344286e-01,-3.669190340727690458e-01,-5.700178206721152607e-01,-5.326197222470559732e-03,-4.580529611324778844e-02,1.011977472269429829e-01
-7.280708106159328175e-03,6.390781974840997748e-03,9.928238318012816421e-03,9.276860027169521461e-05,7.978099623328488432e-04,-1.762603405153523317e-03,2.862071462421275081e-01,-2.512238431489224322e-01,-3.902824718115375235e-01,-3.646765665835690999e-03,-3.136218472618760439e-02,6.928854765087973100e-02
-1.851559389066226302e-03,1.625241967739721183e-03,2.524853710184293831e-03,2.359201472459243609e-05,2.028913266277354577e-04,-4.482482797585063405e-04,1.468694566242493282e-01,-1.289174984579994077e-01,-2.002765315874991126e-01,-1.871366591678837610e-03,-1.609375268843834389e-02,3.555596524189873903e-02
0.000000000000000000e+00,0.000000000000000000e+00,0.000000000000000000e+00,4.371503159461553878e-16,0.000000000000000000e+00,4.440892098500626162e-16,0.000000000000000000e+00,-0.000000000000000000e+00,-0.000000000000000000e+00,-0.000000000000000000e+00,-0.000000000000000000e+00,0.000000000000000000e+00
-8.438955124786318152e-03,9.973309511110972636e-03,1.304202028376044709e-02,-1.279566900293271914e-02,1.279566900293271914e-02,-1.279566900293271914e-02,0.000000000000000000e+00,-0.000000000000000000e+00,-0.000000000000000000e+00,0.000000000000000000e+00,-0.000000000000000000e+00,-0.000000000000000000e+00
-8.428119516173402173e-03,8.994369848470686393e-03,1.103174900209050700e-02,-1.277923937874275544e-02,1.069664700235112460e-02,-1.378768971151942725e-02,1.032892944960825399e-03,-9.331638924999234586e-02,-1.916269863991853228e-01,1.566136570671452458e-03,-2.000870549286793143e-01,-9.456332613682871813e-02
-8.396223147157915595e-03,6.112702390839420963e-03,5.114189877174765003e-03,-1.273087611880328526e-02,4.517835761202486020e-03,-1.670786334665494768e-02,2.021832998646722057e-03,-1.826618683191339743e-01,-3.750996329515968730e-01,3.065629031952630916e-03,-3.916597670944361731e-01,-1.851026809486860381e-01
-8.344181702974753922e-03,1.411034433651568026e-03,-4.540775010845654602e-03,-1.265196764205994001e-02,-5.563382579618976476e-03,-2.147235717240237457e-02,2.966820161057689975e-03,-2.680364372074248158e-01,-5.504179396572345118e-01,4.498477383843534072e-03,-5.747181364972704376e-01,-2.716180644355719043e-01
-8.272910868858809191e-03,-5.027906727658484204e-03,-1.776326358182963097e-02,-1.254390236745834761e-02,-1.936962587921903928e-02,-2.799733845282480899e-02,3.867854432193729153e-03,-3.494400959148649677e-01,-7.175819065160983223e-01,5.864681626344162360e-03,-7.492621631371821911e-01,-3.541094765974862613e-01
-8.183326330044978641e-03,-1.312139379765633884e-02,-3.438339375563603806e-02,-1.240806871394414292e-02,-3.672351199670349092e-02,-3.619897445198533292e-02,4.724935812054839590e-03,-4.268728444414544021e-01,-8.765915335281883047e-01,7.164241759454517515e-03,-9.152918470141714335e-01,-4.325769174344293311e-01
-8.076343771768156043e-03,-2.278669948090761982e-02,-5.423128345212377410e-02,-1.224585510046295386e-02,-5.744765879117810781e-02,-4.599343243394705960e-02,5.538064300641021287e-03,-5.003346827871930635e-01,-1.027446820693504348e+00,8.397157783174596934e-03,-1.072807188128238165e+00,-5.070203869464008362e-01
-7.952878879263235168e-03,-3.394109648197791290e-02,-7.713705059115166796e-02,-1.205864994596041184e-02,-8.136468412174865938e-02,-5.729687966277306060e-02,6.307239897952273376e-03,-5.698256109520808410e-01,-1.170147768012046452e+00,9.563429697504401486e-03,-1.221808186479382163e+00,-5.774398851334009430e-01
-7.813847337765109785e-03,-4.650185750543285590e-02,-1.029308130925786630e-01,-1.184784166938214825e-02,-1.082972058475209637e-01,-7.002548340252645609e-02,7.032462603988598460e-03,-6.353456289361181231e-01,-1.304694375483815172e+00,1.066305750244393377e-02,-1.362294842067603984e+00,-6.438354119954297072e-01
-7.660164832508674533e-03,-6.038625525583804499e-02,-1.314426888762636192e-01,-1.161481868967379101e-02,-1.380678418276007624e-01,-8.409541091727033846e-02,7.713732418749993935e-03,-6.968947367393045766e-01,-1.431086643108809620e+00,1.169604119799318859e-02,-1.494267154892903182e+00,-7.062069675324869067e-01
-7.492747048728824050e-03,-7.551156243775908328e-02,-1.625027958620653690e-01,-1.136096942578097499e-02,-1.704992099210938528e-01,-9.942282947106777236e-02,8.351049342236460671e-03,-7.544729343616403128e-01,-1.549324570887030461e+00,1.266238078415217114e-02,-1.617725124955279759e+00,-7.645545517445727635e-01
-7.312509671660453840e-03,-9.179505175576158083e-02,-1.959412519698428001e-01,-1.108768229664932811e-02,-2.054139279871059764e-01,-1.159239063279818849e-01,8.944413374448000401e-03,-8.080802218031253314e-01,-1.659408158818477474e+00,1.356207626092087795e-02,-1.732668752254734157e+00,-8.188781646316871665e-01
-7.120368386538455940e-03,-1.091539959144111754e-01,-2.315881751194548976e-01,-1.079634572122448177e-02,-2.426346138847430556e-01,-1.335148087520757754e-01,9.493824515384607921e-03,-8.577165990637594106e-01,-1.761337406903150438e+00,1.439512762829930903e-02,-1.839098036791265489e+00,-8.691778061938300048e-01
-6.917238878597726723e-03,-1.275056676182734494e-01,-2.692736832307603967e-01,-1.048834811845206737e-02,-2.819838854731106514e-01,-1.521117040074125293e-01,9.999282765046290170e-03,-9.033820661435431054e-01,-1.855112315141049795e+00,1.516153488628746784e-02,-1.937012978564874643e+00,-9.154534764310016115e-01
-6.704036833073159091e-03,-1.467673395719139573e-01,-3.088278942236181712e-01,-1.016507790727771456e-02,-3.232843606113146584e-01,-1.716307593580551627e-01,1.046078812343304021e-02,-9.450766230424756387e-01,-1.940732883532174879e+00,1.586129803488534745e-02,-2.026413577575560954e+00,-9.577051753432015424e-01
-6.481677935199647682e-03,-1.668562844798984757e-01,-3.500809260178873172e-01,-9.827923506647054733e-03,-3.663586571584609430e-01,-1.919881420680669415e-01,1.087834059054486324e-02,-9.828002697605576765e-01,-2.018199112076526358e+00,1.649441707409295826e-02,-2.107299833823324864e+00,-9.959329029304302416e-01
-6.251077870212087134e-03,-1.876897750467924342e-01,-3.928628965334264311e-01,-9.478273335505717559e-03,-4.110293929736551499e-01,-2.131000194015108262e-01,1.125194016638175927e-02,-1.016553006297789219e+00,-2.087511000774104453e+00,1.706089200391029334e-02,-2.179671747308166818e+00,-1.030136659192687487e+00
-6.013152323345372953e-03,-2.091850839771615123e-01,-4.370039236900944979e-01,-9.117515812799336164e-03,-4.571191859160030901e-01,-2.348825586224499162e-01,1.158158685094372482e-02,-1.046334832654169711e+00,-2.148668549624908053e+00,1.756072282433735268e-02,-2.243529318030085484e+00,-1.060316444129973279e+00
-5.768816979834397174e-03,-2.312594839755713894e-01,-4.823341254077506135e-01,-8.747039357473538473e-03,-5.044506538446106303e-01,-2.572519269949474219e-01,1.186728064423075990e-02,-1.072145748829699263e+00,-2.201671758628938047e+00,1.799390953537413629e-02,-2.298872545989081750e+00,-1.086472257742287617e+00
-5.518987524914056170e-03,-2.538302477465875229e-01,-5.286836196062533189e-01,-8.368232388473957617e-03,-5.528464146185834149e-01,-2.801242917830662482e-01,1.210902154624286971e-02,-1.093985754824378542e+00,-2.246520627786194435e+00,1.836045213702064763e-02,-2.345701431185156061e+00,-1.108604100029630501e+00
-5.264579643819242843e-03,-2.768146479947756755e-01,-5.758825242054615989e-01,-7.982483324746221520e-03,-6.021290860970274217e-01,-3.034158202508697166e-01,1.230680955698004904e-02,-1.111854850638206882e+00,-2.283215157096676773e+00,1.866035062927688323e-02,-2.384015973618307083e+00,-1.126711970992001932e+00
-5.006509021784851833e-03,-3.001299574247013879e-01,-6.237609571252344942e-01,-7.591180585235963313e-03,-6.521212861390481841e-01,-3.270426796624207322e-01,1.246064467644229790e-02,-1.125753036271184282e+00,-2.311755346560385060e+00,1.889360501214284310e-02,-2.413816173288535705e+00,-1.140795870629401909e+00
-4.745691344045778644e-03,-3.236934487409302008e-01,-6.721490362854305456e-01,-7.195712588888814390e-03,-7.026456326037515687e-01,-3.509210372817824219e-01,1.257052690462962148e-02,-1.135680311723311187e+00,-2.332141196177319742e+00,1.906021528561853071e-02,-2.435102030195842371e+00,-1.150855798941830654e+00
-4.483042295836916179e-03,-3.474223946480278213e-01,-7.208768796059089601e-01,-6.797467754650402677e-03,-7.535247433502434422e-01,-3.749670603730180241e-01,1.263645624154201459e-02,-1.141636676994587374e+00,-2.344372705947480373e+00,1.916018144970394257e-02,-2.447873544340226193e+00,-1.156891755929287724e+00
-4.219477562393159076e-03,-3.712340678505599012e-01,-7.697746050065286116e-01,-6.397834501466359569e-03,-8.045812362376296711e-01,-3.990969162001904991e-01,1.265843268717947723e-02,-1.143622132085012622e+00,-2.348449875870866954e+00,1.919350350439907871e-02,-2.452130715721687171e+00,-1.158903741591773340e+00
-3.955912828949402840e-03,-3.950457410530918700e-01,-8.186723304071480412e-01,-5.998201248282318196e-03,-8.556377291250156780e-01,-4.232267720273629186e-01,1.263645624154201286e-02,-1.141636676994587152e+00,-2.344372705947479929e+00,1.916018144970393910e-02,-2.447873544340225749e+00,-1.156891755929287502e+00
-3.693263780740540375e-03,-4.187746869601895461e-01,-8.674001737276265667e-01,-5.599956414043905616e-03,-9.065168398715076625e-01,-4.472727951185985207e-01,1.257052690462962148e-02,-1.135680311723311187e+00,-2.332141196177319742e+00,1.906021528561853071e-02,-2.435102030195842371e+00,-1.150855798941830654e+00
-3.432446103001466318e-03,-4.423381782764184145e-01,-9.157882528878227291e-01,-5.204488417696755825e-03,-9.570411863362111582e-01,-4.711511527379602660e-01,1.246064467644229790e-02,-1.125753036271184282e+00,-2.311755346560385060e+00,1.889360501214284310e-02,-2.413816173288535705e+00,-1.140795870629401909e+00
-3.174375480967077043e-03,-4.656534877063440159e-01,-9.636666858075954023e-01,-4.813185678186499353e-03,-1.007033386378231699e+00,-4.947780121495111705e-01,1.230680955698004904e-02,-1.111854850638206882e+00,-2.283215157096676773e+00,1.866035062927688323e-02,-2.384015973618307083e+00,-1.126711970992001932e+00
-2.919967599872263717e-03,-4.886378879545321130e-01,-1.010865590406803571e+00,-4.427436614458764991e-03,-1.056316057856675483e+00,-5.180695406173145834e-01,1.210902154624287318e-02,-1.093985754824378764e+00,-2.246520627786194879e+00,1.836045213702065457e-02,-2.345701431185156505e+00,-1.108604100029630946e+00
-2.670138144951920978e-03,-5.112086517255484130e-01,-1.057215084605306554e+00,-4.048629645459180665e-03,-1.104711818630648601e+00,-5.409419054054336318e-01,1.186728064423075990e-02,-1.072145748829699263e+00,-2.201671758628938047e+00,1.799390953537413629e-02,-2.298872545989081750e+00,-1.086472257742287617e+00
-2.425802801440946066e-03,-5.332830517239581791e-01,-1.102545286322962337e+00,-3.678153190133384709e-03,-1.152043286559256030e+00,-5.633112737779309986e-01,1.158158685094372482e-02,-1.046334832654169711e+00,-2.148668549624908053e+00,1.756072282433735268e-02,-2.243529318030085484e+00,-1.060316444129973279e+00
-2.187877254574230150e-03,-5.547783606543273960e-01,-1.146686313479630792e+00,-3.317395667426999845e-03,-1.198133079501604303e+00,-5.850938129988701997e-01,1.125194016638175927e-02,-1.016553006297789219e+00,-2.087511000774104453e+00,1.706089200391029334e-02,-2.179671747308166818e+00,-1.030136659192687487e+00
-1.957277189586670470e-03,-5.756118512212213822e-01,-1.189468283995170017e+00,-2.967745496285664406e-03,-1.242803815316798399e+00,-6.062056903323140844e-01,1.087834059054486324e-02,-9.828002697605576765e-01,-2.018199112076526358e+00,1.649441707409295826e-02,-2.107299833823324864e+00,-9.959329029304302416e-01
-1.734918291713159928e-03,-5.957007961292057896e-01,-1.230721315789438775e+00,-2.630591095655006317e-03,-1.285878111863944406e+00,-6.265630730423257244e-01,1.046078812343304541e-02,-9.450766230424761938e-01,-1.940732883532175990e+00,1.586129803488535786e-02,-2.026413577575561842e+00,-9.577051753432019865e-01
-1.521716246188594031e-03,-6.149624680828461587e-01,-1.270275526782296494e+00,-2.307320884480655240e-03,-1.327178587002148413e+00,-6.460821283929683023e-01,9.999282765046293639e-03,-9.033820661435434385e-01,-1.855112315141050461e+00,1.516153488628747478e-02,-1.937012978564875310e+00,-9.154534764310019446e-01
-1.318586738247862211e-03,-6.333141397867085853e-01,-1.307961034893602381e+00,-1.999323281708237365e-03,-1.366527858590516287e+00,-6.646790236483052228e-01,9.493824515384607921e-03,-8.577165990637594106e-01,-1.761337406903150438e+00,1.439512762829930903e-02,-1.839098036791265489e+00,-8.691778061938300048e-01
-1.126445453125865179e-03,-6.506730839453581661e-01,-1.343607958043214312e+00,-1.707986706283391026e-03,-1.403748544488153227e+00,-6.822699260723991133e-01,8.944413374448003870e-03,-8.080802218031256645e-01,-1.659408158818478363e+00,1.356207626092088489e-02,-1.732668752254734823e+00,-8.188781646316874996e-01
-9.462080760574949692e-04,-6.669565732633605526e-01,-1.377046414150991493e+00,-1.434699577151747618e-03,-1.438663262554165101e+00,-6.987710029293130454e-01,8.351049342236465875e-03,-7.544729343616407569e-01,-1.549324570887031349e+00,1.266238078415217808e-02,-1.617725124955280647e+00,-7.645545517445730965e-01
-7.787902922776436185e-04,-6.820818804452817297e-01,-1.408106521136793576e+00,-1.180850313258928128e-03,-1.471094630647658663e+00,-7.140984214831106458e-01,7.713732418749993935e-03,-6.968947367393045766e-01,-1.431086643108809620e+00,1.169604119799318859e-02,-1.494267154892903182e+00,-7.062069675324869067e-01
-6.251077870212083665e-04,-6.959662781956870159e-01,-1.436618396920478657e+00,-9.478273335505708885e-04,-1.500865266627738670e+00,-7.281683489978546531e-01,7.032462603988603664e-03,-6.353456289361185672e-01,-1.304694375483816060e+00,1.066305750244394071e-02,-1.362294842067604872e+00,-6.438354119954300403e-01
-4.860762455230829837e-04,-7.085270392191418409e-01,-1.462412159421905500e+00,-7.370190569723072960e-04,-1.527797788353510544e+00,-7.408969527376079167e-01,6.307239897952279448e-03,-5.698256109520813961e-01,-1.170147768012047562e+00,9.563429697504410160e-03,-1.221808186479383274e+00,-5.774398851334013871e-01
-3.626113530181621081e-04,-7.196814362202121895e-01,-1.485317926560933532e+00,-5.498139024697652755e-04,-1.551714813684081262e+00,-7.522003999664339524e-01,5.538064300641021287e-03,-5.003346827871930635e-01,-1.027446820693504348e+00,8.397157783174596934e-03,-1.072807188128238165e+00,-5.070203869464008362e-01
-2.556287947413395101e-04,-7.293467419034634913e-01,-1.505165816257421296e+00,-3.876002889885762220e-04,-1.572438960478556025e+00,-7.619948579483957207e-01,4.724935812054844794e-03,-4.268728444414547907e-01,-8.765915335281891929e-01,7.164241759454524454e-03,-9.152918470141724328e-01,-4.325769174344297197e-01
-1.660442559275089602e-04,-7.374402289734612870e-01,-1.521785946431227332e+00,-2.517666354743715307e-04,-1.589792846596040032e+00,-7.701964939475560712e-01,3.867854432193734357e-03,-3.494400959148654118e-01,-7.175819065160992105e-01,5.864681626344170166e-03,-7.492621631371831903e-01,-3.541094765974867609e-01
-9.477342181156422907e-05,-7.438791701347713392e-01,-1.535008435002211513e+00,-1.437013608727791270e-04,-1.603599089895640262e+00,-7.767214752279786305e-01,2.966820161057689975e-03,-2.680364372074248158e-01,-5.504179396572345118e-01,4.498477383843534072e-03,-5.747181364972704376e-01,-2.716180644355719043e-01
-4.273197762840082181e-05,-7.485808380919594107e-01,-1.544663399890232380e+00,-6.479288412943040587e-05,-1.613680308236462135e+00,-7.814859690537262482e-01,2.021832998646727261e-03,-1.826618683191344183e-01,-3.750996329515977612e-01,3.065629031952638289e-03,-3.916597670944371168e-01,-1.851026809486864821e-01
-1.083560861291771316e-05,-7.514625055495903760e-01,-1.550580959015147364e+00,-1.642962418996543605e-05,-1.619859119477610188e+00,-7.844061426888614408e-01,1.032892944960830386e-03,-9.331638924999280382e-02,-1.916269863991862665e-01,1.566136570671460265e-03,-2.000870549286803135e-01,-9.456332613682918997e-02
0.000000000000000000e+00,-7.524414452122307750e-01,-1.552591230296817670e+00,0.000000000000000000e+00,-1.621958141478192061e+00,-7.853981633974482790e-01,0.000000000000000000e+00,-0.000000000000000000e+00,-0.000000000000000000e+00,0.000000000000000000e+00,-0.000000000000000000e+00,-0.000000000000000000e+00
-6.904599738461580927e-03,-7.694792267418804066e-01,-1.565809672244444561e+00,-1.279566900293271914e-02,-1.604576892967741975e+00,-7.856540767800588299e-01,0.000000000000000000e+00,0.000000000000000000e+00,0.000000000000000000e+00,0.000000000000000000e+00,0.000000000000000000e+00,0.000000000000000000e+00
-6.904599738461580927e-03,-7.694792267418804066e-01,-1.565809672244444561e+00,-1.279566900293271914e-02,-1.604576892967741975e+00,-7.856540767800588299e-01,0.000000000000000000e+00,0.000000000000000000e+00,0.000000000000000000e+00,0.000000000000000000e+00,0.000000000000000000e+00,0.000000000000000000e+00
-6.904599738461580927e-03,-7.679448713555556694e-01,-1.567344027630769299e+00,-1.279566900293271914e-02,-1.594340357765396066e+00,-7.856540767800588299e-01,0.000000000000000000e+00,0.000000000000000000e+00,0.000000000000000000e+00,0.000000000000000000e+00,-0.000000000000000000e+00,0.000000000000000000e+00
-3.452299869230790463e-03,-7.128710341415707141e-01,-1.555330038840557094e+00,-6.397834501466359569e-03,-1.660108963887353184e+00,-7.855261200887535544e-01,1.035689960769237139e-02,1.652215116419548657e-01,3.604196637063628028e-02,1.919350350439907871e-02,-1.973058183658716880e-01,3.838700739158262820e-04
0.000000000000000000e+00,-6.577971969275857589e-01,-1.543316050050345112e+00,0.000000000000000000e+00,-1.725877570009310524e+00,-7.853981633974482790e-01,0.000000000000000000e+00,0.000000000000000000e+00,0.000000000000000000e+00,0.000000000000000000e+00,-0.000000000000000000e+00,0.000000000000000000e+00
-6.904599738461580927e-03,-7.510669621059831158e-01,-1.573481449176068470e+00,-7.677401401759542665e-03,-1.635286498574780145e+00,-7.856540767800588299e-01,0.000000000000000000e+00,0.000000000000000000e+00,0.000000000000000000e+00,0.000000000000000000e+00,0.000000000000000000e+00,0.000000000000000000e+00
-6.904599738461580927e-03,-7.510669621059831158e-01,-1.573481449176068470e+00,-7.677401401759542665e-03,-1.635286498574780145e+00,-7.856540767800588299e-01,0.000000000000000000e+00,0.000000000000000000e+00,0.000000000000000000e+00,0.000000000000000000e+00,0.000000000000000000e+00,0.000000000000000000e+00
-6.904599738461580927e-03,-7.510669621059831158e-01,-1.573481449176068470e+00,-7.677401401759542665e-03,-1.635286498574780145e+00,-7.856540767800588299e-01,0.000000000000000000e+00,0.000000000000000000e+00,0.000000000000000000e+00,0.000000000000000000e+00,0.000000000000000000e+00,0.000000000000000000e+00
-6.904599738461580927e-03,-7.510669621059831158e-01,-1.573481449176068470e+00,-7.677401401759542665e-03,-1.635286498574780145e+00,-7.856540767800588299e-01,0.000000000000000000e+00,0.000000000000000000e+00,0.000000000000000000e+00,0.000000000000000000e+00,0.000000000000000000e+00,0.000000000000000000e+00
-6.904599738461580927e-03,-7.510669621059831158e-01,-1.573481449176068470e+00,-7.677401401759542665e-03,-1.635286498574780145e+00,-7.856540767800588299e-01,0.000000000000000000e+00,0.000000000000000000e+00,0.000000000000000000e+00,0.000000000000000000e+00,0.000000000000000000e+00,0.000000000000000000e+00
-6.904599738461580927e-03,-7.510669621059831158e-01,-1.573481449176068470e+00,-7.677401401759542665e-03,-1.635286498574780145e+00,-7.856540767800588299e-01,0.000000000000000000e+00,0.000000000000000000e+00,0.000000000000000000e+00,0.000000000000000000e+00,0.000000000000000000e+00,0.000000000000000000e+00
-6.904599738461580927e-03,-7.510669621059831158e-01,-1.573481449176068470e+00,-7.677401401759542665e-03,-1.635286498574780145e+00,-7.856540767800588299e-01,0.000000000000000000e+00,0.000000000000000000e+00,0.000000000000000000e+00,0.000000000000000000e+00,0.000000000000000000e+00,0.000000000000000000e+00
-6.904599738461580927e-03,-7.510669621059831158e-01,-1.573481449176068470e+00,-7.677401401759542665e-03,-1.635286498574780145e+00,-7.856540767800588299e-01,0.000000000000000000e+00,0.000000000000000000e+00,0.000000000000000000e+00,0.000000000000000000e+00,0.000000000000000000e+00,0.000000000000000000e+00
-6.904599738461580927e-03,-7.510669621059831158e-01,-1.573481449176068470e+00,-7.677401401759542665e-03,-1.635286498574780145e+00,-7.856540767800588299e-01,0.000000000000000000e+00,0.000000000000000000e+00,0.000000000000000000e+00,0.000000000000000000e+00,0.000000000000000000e+00,0.000000000000000000e+00
-6.904599738461580927e-03,-7.510669621059831158e-01,-1.573481449176068470e+00,-7.677401401759542665e-03,-1.635286498574780145e+00,-7.856540767800588299e-01,0.000000000000000000e+00,0.000000000000000000e+00,0.000000000000000000e+00,0.000000000000000000e+00,0.000000000000000000e+00,0.000000000000000000e+00
-6.904599738461580927e-03,-7.510669621059831158e-01,-1.573481449176068470e+00,-7.677401401759542665e-03,-1.635286498574780145e+00,-7.856540767800588299e-01,0.000000000000000000e+00,0.000000000000000000e+00,0.000000000000000000e+00,0.000000000000000000e+00,0.000000000000000000e+00,0.000000000000000000e+00
-6.904599738461580927e-03,-7.510669621059831158e-01,-1.573481449176068470e+00,-7.677401401759542665e-03,-1.635286498574780145e+00,-7.856540767800588299e-01,0.000000000000000000e+00,0.000000000000000000e+00,0.000000000000000000e+00,0.000000000000000000e+00,0.000000000000000000e+00,0.000000000000000000e+00
-6.904599738461580927e-03,-7.510669621059831158e-01,-1.573481449176068470e+00,-7.677401401759542665e-03,-1.635286498574780145e+00,-7.856540767800588299e-01,0.000000000000000000e+00,0.000000000000000000e+00,0.000000000000000000e+00,0.000000000000000000e+00,0.000000000000000000e+00,0.000000000000000000e+00
-6.904599738461580927e-03,-7.510669621059831158e-01,-1.573481449176068470e+00,-7.677401401759542665e-03,-1.635286498574780145e+00,-7.856540767800588299e-01,0.000000000000000000e+00,0.000000000000000000e+00,0.000000000000000000e+00,0.000000000000000000e+00,0.000000000000000000e+00,0.000000000000000000e+00
-6.904599738461580927e-03,-7.510669621059831158e-01,-1.573481449176068470e+00,-7.677401401759542665e-03,-1.635286498574780145e+00,-7.856540767800588299e-01,0.000000000000000000e+00,0.000000000000000000e+00,0.000000000000000000e+00,0.000000000000000000e+00,0.000000000000000000e+00,0.000000000000000000e+00
-6.904599738461580927e-03,-7.510669621059831158e-01,-1.573481449176068470e+00,-7.677401401759542665e-03,-1.635286498574780145e+00,-7.856540767800588299e-01,0.000000000000000000e+00,0.000000000000000000e+00,0.000000000000000000e+00,0.000000000000000000e+00,0.000000000000000000e+00,0.000000000000000000e+00
-6.904599738461580927e-03,-7.510669621059831158e-01,-1.573481449176068470e+00,-7.677401401759542665e-03,-1.635286498574780145e+00,-7.856540767800588299e-01,0.000000000000000000e+00,0.000000000000000000e+00,0.000000000000000000e+00,0.000000000000000000e+00,0.000000000000000000e+00,0.000000000000000000e+00
-6.904599738461580927e-03,-7.510669621059831158e-01,-1.573481449176068470e+00,-7.677401401759542665e-03,-1.635286498574780145e+00,-7.856540767800588299e-01,0.000000000000000000e+00,0.000000000000000000e+00,0.000000000000000000e+00,0.000000000000000000e+00,0.000000000000000000e+00,0.000000000000000000e+00
-6.904599738461580927e-03,-7.510669621059831158e-01,-1.573481449176068470e+00,-7.677401401759542665e-03,-1.635286498574780145e+00,-7.856540767800588299e-01,0.000000000000000000e+00,0.000000000000000000e+00,0.000000000000000000e+00,0.000000000000000000e+00,0.000000000000000000e+00,0.000000000000000000e+00
-6.904599738461580927e-03,-7.510669621059831158e-01,-1.573481449176068470e+00,-7.677401401759542665e-03,-1.635286498574780145e+00,-7.856540767800588299e-01,0.000000000000000000e+00,0.000000000000000000e+00,0.000000000000000000e+00,0.000000000000000000e+00,0.000000000000000000e+00,0.000000000000000000e+00
-6.904599738461580927e-03,-7.510669621059831158e-01,-1.573481449176068470e+00,-7.677401401759542665e-03,-1.635286498574780145e+00,-7.856540767800588299e-01,0.000000000000000000e+00,0.000000000000000000e+00,0.000000000000000000e+00,0.000000000000000000e+00,0.000000000000000000e+00,0.000000000000000000e+00
-6.904599738461580927e-03,-7.510669621059831158e-01,-1.573481449176068470e+00,-7.677401401759542665e-03,-1.635286498574780145e+00,-7.856540767800588299e-01,0.000000000000000000e+00,0.000000000000000000e+00,0.000000000000000000e+00,0.000000000000000000e+00,0.000000000000000000e+00,0.000000000000000000e+00
-6.904599738461580927e-03,-7.510669621059831158e-01,-1.573481449176068470e+00,-7.677401401759542665e-03,-1.635286498574780145e+00,-7.856540767800588299e-01,0.000000000000000000e+00,0.000000000000000000e+00,0.000000000000000000e+00,0.000000000000000000e+00,0.000000000000000000e+00,0.000000000000000000e+00
-6.904599738461580927e-03,-7.510669621059831158e-01,-1.573481449176068470e+00,-7.677401401759542665e-03,-1.635286498574780145e+00,-7.856540767800588299e-01,0.000000000000000000e+00,0.000000000000000000e+00,0.000000000000000000e+00,0.000000000000000000e+00,0.000000000000000000e+00,0.000000000000000000e+00
-6.904599738461580927e-03,-7.510669621059831158e-01,-1.573481449176068470e+00,-7.677401401759542665e-03,-1.635286498574780145e+00,-7.856540767800588299e-01,0.000000000000000000e+00,0.000000000000000000e+00,0.000000000000000000e+00,0.000000000000000000e+00,0.000000000000000000e+00,0.000000000000000000e+00
-6.904599738461580927e-03,-6.912271020393165877e-01,-1.564275316858119824e+00,-1.279566900293271914e-02,-1.712060512592375350e+00,-7.856540767800588299e-01,0.000000000000000000e+00,0.000000000000000000e+00,0.000000000000000000e+00,0.000000000000000000e+00,0.000000000000000000e+00,0.000000000000000000e+00
-6.896424692371242761e-03,-6.904086891505020196e-01,-1.562423214882959766e+00,-1.278051893083324668e-02,-1.710033432945466059e+00,-7.847238623531512802e-01,8.119809292430819111e-04,8.128830719982363395e-02,1.839587772625148887e-01,1.504770674744939068e-03,2.013383162808633220e-01,9.239291942933497426e-02
-6.872341448483488754e-03,-6.879976890185889316e-01,-1.556967022577758764e+00,-1.273588763735101527e-02,-1.704061765877543877e+00,-7.819835009333423459e-01,1.590819779741548283e-03,1.592587243098585459e-01,3.604090330041108126e-01,2.948122138275799300e-03,3.944587421012832884e-01,1.810146992901256469e-01
-6.833012848373211379e-03,-6.840604594453729703e-01,-1.548056910372934913e+00,-1.266300350671030819e-02,-1.694309869197817564e+00,-7.775084153120032093e-01,2.336516551495398681e-03,2.339112513301047080e-01,5.293507672247876883e-01,4.330054390592579829e-03,5.793612774612597605e-01,2.658653395823720178e-01
-6.779101733615303105e-03,-6.786633582326500047e-01,-1.535843048698906532e+00,-1.256309492313540527e-02,-1.680942100715496323e+00,-7.713740282805044979e-01,3.049071244504633973e-03,3.052458882605622037e-01,6.907839799245456547e-01,5.650567431695281521e-03,7.560459223607929324e-01,3.469448403060741426e-01
-6.711270945784656404e-03,-6.718727431822156815e-01,-1.520475607986092381e+00,-1.243739027085059151e-02,-1.664122818239788915e+00,-7.636557626302171720e-01,3.728483858769253943e-03,3.732626351012309773e-01,8.447086711033847672e-01,6.909661261583904812e-03,9.245126767998828043e-01,4.242532014612320213e-01
-6.630183326456163748e-03,-6.637549720958659805e-01,-1.502104758664910777e+00,-1.228711793408014327e-02,-1.644016379579904097e+00,-7.544290411525121920e-01,4.374754394289257289e-03,4.379614918521109734e-01,9.911248407613045819e-01,8.107335880258446231e-03,1.084761540778528932e+00,4.977904230478454872e-01
-6.536501717204716740e-03,-6.543764027753965484e-01,-1.480880671165779816e+00,-1.211350629704834730e-02,-1.620787142545050630e+00,-7.437692866387602963e-01,4.987882851064646614e-03,4.993424585132023585e-01,1.130032488898305765e+00,9.243591287718911850e-03,1.236792514296731982e+00,5.675565050659148181e-01
-6.430888959605208718e-03,-6.438033930226031432e-01,-1.456953515919118036e+00,-1.191778374397948169e-02,-1.594599464944437717e+00,-7.317519218803325565e-01,5.567869229095419314e-03,5.574055350845048551e-01,1.261431615514387872e+00,1.031842748396529647e-02,1.380605597354491509e+00,6.335514475154397918e-01
-6.314007895232531288e-03,-6.321023006392816335e-01,-1.430473463355343755e+00,-1.170117865909782798e-02,-1.565617704587273895e+00,-7.184523696685997107e-01,6.114713528381576259e-03,6.121507215660187962e-01,1.385322220609551014e+00,1.133184446899760354e-02,1.516200789951807737e+00,6.957752503964205193e-01
-6.186521365661576052e-03,-6.193394834272276661e-01,-1.401590683904875290e+00,-1.146491942662767119e-02,-1.534006219282768368e+00,-7.039460527949326085e-01,6.628415748923119181e-03,6.635780179577440707e-01,1.501704304183795413e+00,1.228384224281583309e-02,1.643578092088680664e+00,7.542279137088570007e-01
-6.049092212467237217e-03,-6.055812991882371099e-01,-1.370455347998131401e+00,-1.121023443079328941e-02,-1.499929366840129674e+00,-6.883083940507023213e-01,7.108975890720044613e-03,7.116874242596804567e-01,1.610577866237120181e+00,1.317442080541997816e-02,1.762737503765109848e+00,8.089094374527491249e-01
-5.902383277224405519e-03,-5.908941057241057226e-01,-1.337217626065529963e+00,-1.093835205581896591e-02,-1.463551505068566794e+00,-6.716148162272796984e-01,7.556393953772352554e-03,7.564789404718279542e-01,1.711942906769525985e+00,1.400358015681004396e-02,1.873679024981095287e+00,8.598198216280967809e-01
-5.747057401507973430e-03,-5.753442608366292621e-01,-1.302027688537489736e+00,-1.065050068592898053e-02,-1.425036991777288709e+00,-6.539407421160354783e-01,7.970669938080047340e-03,7.979525665941870072e-01,1.805799425781013268e+00,1.477132029698603397e-02,1.976402655736637870e+00,9.069590662349003019e-01
-5.583777426892834288e-03,-5.589981223276034861e-01,-1.265035705844428815e+00,-1.034790870534761827e-02,-1.384550184775504178e+00,-6.353615945083406213e-01,8.351803843643128972e-03,8.361083026267573937e-01,1.892147423271581808e+00,1.547764122594794643e-02,2.070908396031737375e+00,9.503271712731596876e-01
-5.413206194953879696e-03,-5.419220479988241523e-01,-1.226391848416765962e+00,-1.003180449829915721e-02,-1.342255441872422184e+00,-6.159527961955659769e-01,8.699795670461590510e-03,8.709461485695387806e-01,1.970986899241230716e+00,1.612254294369577443e-02,2.157196245866392470e+00,9.899241367428744942e-01
-5.236006547266001260e-03,-5.241823956520872407e-01,-1.186246286684919049e+00,-9.703416449007880654e-03,-1.298317120877251485e+00,-5.957897699690826165e-01,9.014645418535438895e-03,9.024661044225316120e-01,2.042317853689961105e+00,1.670602545022952662e-02,2.235266205240605153e+00,1.025749962644045388e+00
-5.052841325404092317e-03,-5.058455230891881760e-01,-1.144749191079306838e+00,-9.363972941698070138e-03,-1.252899579599200841e+00,-5.749479386202611675e-01,9.296353087864672390e-03,9.306681701857358879e-01,2.106140286617772528e+00,1.722808874554920128e-02,2.305118274154374092e+00,1.057804648976671924e+00
-4.864373370943045338e-03,-4.869777881119230489e-01,-1.102050732030347646e+00,-9.014702360594007216e-03,-1.206167175847479456e+00,-5.535027249404727012e-01,9.544918678449289262e-03,9.555523458591512753e-01,2.162454198024664986e+00,1.768873282965479493e-02,2.366752452607699730e+00,1.086088195740753992e+00
-4.671265525457751061e-03,-4.676455485220873953e-01,-1.058301079968459790e+00,-8.656833089919971705e-03,-1.158284267431295866e+00,-5.315295517210879561e-01,9.760342190289291245e-03,9.771186314427781072e-01,2.211259587910638480e+00,1.808795770254631105e-02,2.420168740600582069e+00,1.110600602936292036e+00
-4.474180630523103691e-03,-4.479151621214770840e-01,-1.013650405324061587e+00,-8.291593513900246890e-03,-1.109415212159859054e+00,-5.091038417534778926e-01,9.942623623384678339e-03,9.953670269366160506e-01,2.252556456275693009e+00,1.842576336422374617e-02,2.465367138133020664e+00,1.131341870563285390e+00
-4.273781527713996567e-03,-4.278529867118880947e-01,-9.682488785275716880e-01,-7.920212016759117790e-03,-1.059724367842378223e+00,-4.863010178290135821e-01,1.009176297773544881e-02,1.010297532340665327e+00,2.286344803119828129e+00,1.870214981468710375e-02,2.502347645205016402e+00,1.148311998621734720e+00
-4.070731058605317823e-03,-4.075253800951157968e-01,-9.222466700094079650e-01,-7.543916982720857284e-03,-1.009376092288061466e+00,-4.631965027390655409e-01,1.020776025334160265e-02,1.021910147654925716e+00,2.312624628443044728e+00,1.891711705393638032e-02,2.531110261816567952e+00,1.161510987111639803e+00
-3.865692064771962099e-03,-3.869987000729562254e-01,-8.757939501999891796e-01,-7.163936796009754727e-03,-9.585347433061183198e-01,-4.398657192750048961e-01,1.029061545020314161e-02,1.030204872879397549e+00,2.331395932245341918e+00,1.907066508197157936e-02,2.551654987967676647e+00,1.170938836033000419e+00
-3.659327387788821866e-03,-3.663393044472050830e-01,-8.290408895297336489e-01,-6.781499840850087335e-03,-9.073646787057573215e-01,-4.163840902282023859e-01,1.034032856832006221e-02,1.035181708014080382e+00,2.342658714526720143e+00,1.916279389879269393e-02,2.563981823658341153e+00,1.176595545385816566e+00
-3.452299869230790463e-03,-3.456135510196582938e-01,-7.821376584290599121e-01,-6.397834501466140994e-03,-8.560302562961876749e-01,-3.928270383900291929e-01,1.035689960769237139e-02,1.036840653058974882e+00,2.346412975287179847e+00,1.919350350439973443e-02,2.568090768888563247e+00,1.178481115170088911e+00
-3.245272350672757759e-03,-3.248877975921113381e-01,-7.352344273283858422e-01,-6.014169162082192051e-03,-8.046958338866176952e-01,-3.692699865518557778e-01,1.034032856832006221e-02,1.035181708014080382e+00,2.342658714526720143e+00,1.916279389879269393e-02,2.563981823658341153e+00,1.176595545385816566e+00
-3.038907673689619261e-03,-3.042284019663603623e-01,-6.884813666581306446e-01,-5.631732206922528128e-03,-7.535257692862571410e-01,-3.457883575050535452e-01,1.029061545020314161e-02,1.030204872879397549e+00,2.331395932245341918e+00,1.907066508197157936e-02,2.551654987967676647e+00,1.170938836033000419e+00
-2.833868679856263971e-03,-2.837017219442007909e-01,-6.420286468487118592e-01,-5.251752020211424704e-03,-7.026844203043138837e-01,-3.224575740409928448e-01,1.020776025334160265e-02,1.021910147654925716e+00,2.312624628443044728e+00,1.891711705393638032e-02,2.531110261816567952e+00,1.161510987111639803e+00
-2.630818210747585227e-03,-2.633741153274286040e-01,-5.960264383305482472e-01,-4.875456986173165932e-03,-6.523361447499973487e-01,-2.993530589510448592e-01,1.009176297773544534e-02,1.010297532340664883e+00,2.286344803119827684e+00,1.870214981468709681e-02,2.502347645205015514e+00,1.148311998621734498e+00
-2.430419107938475501e-03,-2.433119399178393372e-01,-5.506249115340580147e-01,-4.504075489032031629e-03,-6.026453004325158513e-01,-2.765502350265802711e-01,9.942623623384673134e-03,9.953670269366154955e-01,2.252556456275691676e+00,1.842576336422373923e-02,2.465367138133019775e+00,1.131341870563284946e+00
-2.233334213003828998e-03,-2.235815535172291368e-01,-5.059742368896600340e-01,-4.138835913012308548e-03,-5.537762451610792613e-01,-2.541245250589704296e-01,9.760342190289289510e-03,9.771186314427777742e-01,2.211259587910637592e+00,1.808795770254630758e-02,2.420168740600581181e+00,1.110600602936291592e+00
-2.040226367518535588e-03,-2.042493139273935387e-01,-4.622245848277721780e-01,-3.780966642338274772e-03,-5.058933367448956719e-01,-2.321513518395856845e-01,9.544918678449287527e-03,9.555523458591509423e-01,2.162454198024664098e+00,1.768873282965479146e-02,2.366752452607698842e+00,1.086088195740753548e+00
-1.851758413057487743e-03,-1.853815789501283007e-01,-4.195261257788127640e-01,-3.431696061234210116e-03,-4.591609329931740646e-01,-2.107061381597971073e-01,9.296353087864668921e-03,9.306681701857355549e-01,2.106140286617772084e+00,1.722808874554919781e-02,2.305118274154373648e+00,1.057804648976671480e+00
-1.668593191195578800e-03,-1.670447063872293469e-01,-3.780290301732005531e-01,-3.092252553924399600e-03,-4.137433917151236429e-01,-1.898643068109756582e-01,9.014645418535437160e-03,9.024661044225315010e-01,2.042317853689960661e+00,1.670602545022952315e-02,2.235266205240604709e+00,1.025749962644045166e+00
-1.491393543507701230e-03,-1.493050540404923243e-01,-3.378834684413538625e-01,-2.763864504633124775e-03,-3.698050707199529441e-01,-1.697012805844922978e-01,8.699795670461590510e-03,8.709461485695387806e-01,1.970986899241230716e+00,1.612254294369577443e-02,2.157196245866392470e+00,9.899241367428744942e-01
-1.320822311568746639e-03,-1.322289797117131016e-01,-2.992396110136910092e-01,-2.447760297584663722e-03,-3.275103278168711718e-01,-1.502924822717177644e-01,8.351803843643130706e-03,8.361083026267576157e-01,1.892147423271582474e+00,1.547764122594795164e-02,2.070908396031737819e+00,9.503271712731600207e-01
-1.157542336953608364e-03,-1.158828412026874366e-01,-2.622476283206303105e-01,-2.145168317003301461e-03,-2.870235208150868633e-01,-1.317133346640230185e-01,7.970669938080047340e-03,7.979525665941870072e-01,1.805799425781013268e+00,1.477132029698603397e-02,1.976402655736637870e+00,9.069590662349003019e-01
-1.002216461237175407e-03,-1.003329963152108650e-01,-2.270576907925896393e-01,-1.857316947113316075e-03,-2.485090075238083340e-01,-1.140392605527786873e-01,7.556393953772356023e-03,7.564789404718282873e-01,1.711942906769526651e+00,1.400358015681004917e-02,1.873679024981095953e+00,8.598198216280971140e-01
-8.555075259943428420e-04,-8.564580285107936675e-02,-1.938199688599884229e-01,-1.585434572138990847e-03,-2.121311457522454536e-01,-9.734568272935595346e-02,7.108975890720039409e-03,7.116874242596799016e-01,1.610577866237119293e+00,1.317442080541996949e-02,1.762737503765108737e+00,8.089094374527485698e-01
-7.180783728000031396e-04,-7.188761861208881054e-02,-1.626846329532443125e-01,-1.330749576304609064e-03,-1.780542933096067593e-01,-8.170802398512566622e-02,6.628415748923117447e-03,6.635780179577438487e-01,1.501704304183794969e+00,1.228384224281582962e-02,1.643578092088680220e+00,7.542279137088568897e-01
-5.905918432290487713e-04,-5.912480140003484319e-02,-1.338018535027758471e-01,-1.094490343834450541e-03,-1.464428080051012326e-01,-6.720170711145856401e-02,6.114713528381571055e-03,6.121507215660182410e-01,1.385322220609549682e+00,1.133184446899759314e-02,1.516200789951806405e+00,6.957752503964199642e-01
-4.737107788563739430e-04,-4.742370901671355554e-02,-1.073218009390022321e-01,-8.778852589528037681e-04,-1.174610476479380772e-01,-5.390215489972605134e-02,5.567869229095425386e-03,5.574055350845055212e-01,1.261431615514389204e+00,1.031842748396530861e-02,1.380605597354493064e+00,6.335514475154404579e-01
-3.680980212568641871e-04,-3.685069926392003925e-02,-8.339464569234023017e-02,-6.821627058839364183e-04,-9.127337004732472003e-02,-4.188479014129808942e-02,4.987882851064648349e-03,4.993424585132025806e-01,1.130032488898306431e+00,9.243591287718917054e-03,1.236792514296732648e+00,5.675565050659151511e-01
-2.744164120054171790e-04,-2.747212994345060721e-02,-6.217055819320904675e-02,-5.085510688521387157e-04,-6.804413301247147494e-02,-3.122503562754619377e-02,4.374754394289260759e-03,4.379614918521112510e-01,9.911248407613053590e-01,8.107335880258453170e-03,1.084761540778529598e+00,4.977904230478458758e-01
-1.933287926769245227e-04,-1.935435885710090620e-02,-4.379970887202744301e-02,-3.582787320816922111e-04,-4.793769435258665723e-02,-2.199831414984121380e-02,3.728483858769253943e-03,3.732626351012309773e-01,8.447086711033847672e-01,6.909661261583904812e-03,9.245126767998828043e-01,4.242532014612320213e-01
-1.254980048462778219e-04,-1.256374380666658297e-02,-2.843226815921306994e-02,-2.325740797968749857e-04,-3.111841187687902632e-02,-1.428004849955388789e-02,3.049071244504635708e-03,3.052458882605623702e-01,6.907839799245460988e-01,5.650567431695284991e-03,7.560459223607933765e-01,3.469448403060743646e-01
-7.158689008836954804e-05,-7.166642593943617356e-03,-1.621840648518491079e-02,-1.326654962219737943e-04,-1.775064339455756368e-02,-8.145661468055176435e-03,2.336516551495399115e-03,2.339112513301047636e-01,5.293507672247877993e-01,4.330054390592580696e-03,5.793612774612598715e-01,2.658653395823720733e-01
-3.225828997808957016e-05,-3.229413020727434080e-03,-7.308294280360394524e-03,-5.978136558126151412e-05,-7.998746714830806681e-03,-3.670575846715706803e-03,1.590819779741544813e-03,1.592587243098581851e-01,3.604090330041100354e-01,2.948122138275792795e-03,3.944587421012824002e-01,1.810146992901252583e-01
-8.175046090339033178e-06,-8.184128888145680847e-04,-1.852101975160058700e-03,-1.515007209903704299e-05,-2.027079646909513144e-03,-9.302144269072165628e-04,8.119809292430845132e-04,8.128830719982388375e-02,1.839587772625154716e-01,1.504770674744943838e-03,2.013383162808639881e-01,9.239291942933526569e-02
0.000000000000000000e+00,0.000000000000000000e+00,0.000000000000000000e+00,4.371503159461553878e-16,0.000000000000000000e+00,4.440892098500626162e-16,0.000000000000000000e+00,0.000000000000000000e+00,0.000000000000000000e+00,0.000000000000000000e+00,0.000000000000000000e+00,0.000000000000000000e+00
